tier,instrument,tf,pattern,direction,session,day,filter
S+,EURUSD,5m,at_day_lo,BUY,sess_tokyo,all,below_vwap
S+,GBPUSD,5m,at_day_lo,BUY,sess_tokyo,all,below_vwap
S+,GBPUSD,5m,rej_day_hi,SELL,sess_tokyo,all,above_vwap
S+,GBPUSD,5m,rej_day_lo,BUY,sess_tokyo,all,below_vwap
S+,GBPUSD,5m,at_day_hi,SELL,sess_tokyo,all,above_vwap
S+,USDJPY,5m,at_day_hi,SELL,sess_tokyo,all,above_vwap
S+,USDJPY,5m,rej_day_lo,BUY,sess_tokyo,all,below_vwap
S+,EURUSD,5m,at_day_hi,SELL,sess_tokyo,all,above_vwap
S+,USDJPY,5m,at_day_lo,BUY,sess_tokyo,all,below_vwap
S,GBPUSD,5m,dn3,SELL,sess_tokyo,day_wed,above_cpr
S,EURUSD,5m,dn3,SELL,sess_tokyo,wom2,above_cpr
S,EURUSD,5m,up3,BUY,sess_tokyo,wom3,below_cpr
A,EURUSD,5m,evening_star,SELL,sess_tokyo,day_tue_thu,above_cpr
A,GBPUSD,5m,pullback_bear,SELL,sess_tokyo,day_tue_thu,above_cpr
A,GBPUSD,5m,pullback_bear,SELL,sess_london,day_tue_thu,above_cpr
A,EURUSD,5m,pullback_bull,BUY,sess_tokyo,day_all,below_cpr
A,EURUSD,5m,pullback_bear,SELL,sess_london,day_tue_thu,above_cpr
A,EURUSD,5m,dn3,SELL,sess_tokyo,day_tue_thu,above_cpr
A,GBPUSD,5m,pullback_bull,BUY,sess_tokyo,day_tue_thu,below_cpr
A,EURUSD,5m,pullback_bear,SELL,sess_tokyo,day_tue_thu,above_cpr
A,EURUSD,5m,morning_star,BUY,sess_tokyo,day_tue_thu,below_cpr
A,EURUSD,5m,up3,BUY,sess_tokyo,day_tue_thu,below_cpr
B,GBPUSD,5m,pullback_bear,SELL,sess_tokyo,day_all,above_cpr
B,EURUSD,5m,dn3,SELL,sess_tokyo,day_tue_thu,above_cpr
B,GBPUSD,5m,fvg_bear,SELL,sess_tokyo,day_all,above_cpr
B,GBPUSD,5m,dn3,SELL,sess_tokyo,day_tue_thu,above_cpr
B,EURUSD,5m,tweezer_top,SELL,sess_tokyo,day_all,above_cpr
B,EURUSD,5m,dn3,SELL,sess_tokyo,day_all,above_cpr
B,EURUSD,5m,pullback_bear,SELL,sess_tokyo,all,above_cpr
B,EURUSD,5m,dn3,SELL,sess_tokyo,all,above_cpr
B,GBPUSD,5m,tweezer_top,SELL,sess_tokyo,day_all,above_cpr
B,GBPUSD,5m,pullback_bull,BUY,sess_tokyo,day_all,below_cpr
B,EURUSD,5m,tweezer_top,SELL,sess_tokyo,all,above_cpr
B,GBPUSD,5m,dn3,SELL,sess_tokyo,day_all,above_cpr
B,GBPUSD,5m,2bar_bear,SELL,sess_tokyo,all,above_cpr
B,USDJPY,5m,pullback_bull,BUY,sess_tokyo,day_all,below_cpr
B,GBPUSD,5m,up3,BUY,sess_tokyo,day_tue_thu,below_cpr
